driver_id,total_fare,avg_distance
84,110.77000000000001,30.755000000000003
