driver_id,total_fare,avg_distance
98,118.61999999999999,23.823333333333334
