driver_id,total_fare,avg_distance
32,83.72999999999999,27.589999999999996
