driver_id,total_fare,avg_distance
60,149.83,29.880000000000003
90,235.2,30.134999999999998
68,76.99,28.53
