driver_id,total_fare,avg_distance
56,223.67000000000002,9.254999999999999
