driver_id,total_fare,avg_distance
4,185.34000000000003,20.343333333333334
